aa,n,mean_z_attn
E,1682,-0.4854663647361927
K,1458,-0.4664446415833727
R,1257,-0.4467586824838898
D,1579,-0.4459061563648154
C,379,-0.2282140123368226
G,2019,-0.1982073274421689
S,1781,-0.069431488371891
N,1297,-0.0192735068061666
H,675,-0.0143099090203435
A,1987,-0.0093242826022743
T,1509,0.0806040604368882
Y,1065,0.0837194224735918
Q,928,0.1164039938237943
W,501,0.1229714994944312
V,1777,0.2146302882390358
I,1480,0.2194096496419169
L,2371,0.3239397799994056
P,1383,0.3537758464529111
M,557,0.3978380897158466
F,1203,0.7151578786193032
